Material Code / SKU,Material Name,Category,Unit of Measure,Current Stock Quantity,Minimum Stock Level,Reorder Level,Unit Rate (INR),Total Stock Value (INR),Stock Status,FSN Velocity,Storage Location
HM107,Sandpaper (Grit 400),Raw Material,PCS,0,0,0,0,0,OUT OF STOCK,Non-Moving,Raw Material Store
HM106,Sandpaper (Grit 320),Raw Material,PCS,0,0,0,0,0,OUT OF STOCK,Non-Moving,Raw Material Store
HM105,Sandpaper (Grit 220),Raw Material,PCS,0,0,0,0,0,OUT OF STOCK,Non-Moving,Raw Material Store
HM104,Sandpaper (Grit 180),Raw Material,PCS,0,0,0,0,0,OUT OF STOCK,Non-Moving,Raw Material Store
HM103,Sandpaper (Grit 120),Raw Material,PCS,0,0,0,0,0,OUT OF STOCK,Non-Moving,Raw Material Store
HM102,Sandpaper (Grit 80),Raw Material,PCS,0,0,0,0,0,OUT OF STOCK,Non-Moving,Raw Material Store
HM216,Hunndi,Raw Material,Pcs,100,0,0,0,0,IN STOCK,Fast Moving,Raw Material Store
HM215,iron hammer,Raw Material,Pcs,4,0,0,0,0,IN STOCK,Fast Moving,Raw Material Store
HM214,c clamp 12,Raw Material,Pcs,4,0,0,0,0,IN STOCK,Fast Moving,Raw Material Store
HM213,c clamp 4,Raw Material,Pcs,4,0,0,0,0,IN STOCK,Slow Moving,Raw Material Store
HM212,golden brown pigment,Raw Material,Kg,3,0,0,0,0,IN STOCK,Fast Moving,Raw Material Store
HM211,TERRA COATA Pigment,Raw Material,PCS,12,0,0,0,0,IN STOCK,Slow Moving,Raw Material Store
HM210,BROWAN Pigment,Raw Material,PCS,1,0,0,0,0,IN STOCK,Non-Moving,Raw Material Store
HM209,FAVDE HANDLE,Raw Material,PCS,0,0,0,0,0,OUT OF STOCK,Non-Moving,Raw Material Store
HM208,Thundor File,Raw Material,PCS,1,0,0,0,0,IN STOCK,Fast Moving,Raw Material Store
HM207,Flat File,Raw Material,PCS,1,0,0,0,0,IN STOCK,Slow Moving,Raw Material Store
HM206,Round File,Raw Material,PCS,1,0,0,0,0,IN STOCK,Slow Moving,Raw Material Store
HM205,Pliers (Pakkad),Raw Material,PCS,2,0,0,0,0,IN STOCK,Slow Moving,Raw Material Store
HM204,handle,Raw Material,PCS,0,0,0,0,0,OUT OF STOCK,Non-Moving,Raw Material Store
HM203,bear disc 36,Raw Material,PCS,50,0,0,0,0,IN STOCK,Slow Moving,Raw Material Store
HM202,sending machine pad,Raw Material,PCS,1,0,0,0,0,IN STOCK,Fast Moving,Raw Material Store
HM201,welcro paper 600,Raw Material,PCS,50,0,0,0,0,IN STOCK,Fast Moving,Raw Material Store
HM200,welcro paper 400,Raw Material,PCS,40,0,0,0,0,IN STOCK,Fast Moving,Raw Material Store
HM199,welcro paper 320,Raw Material,PCS,45,0,0,0,0,IN STOCK,Fast Moving,Raw Material Store
HM198,welcro paper 220,Raw Material,PCS,15,0,0,0,0,IN STOCK,Fast Moving,Raw Material Store
HM197,welcro paper 180,Raw Material,PCS,28,0,0,0,0,IN STOCK,Fast Moving,Raw Material Store
HM196,welcro paper 120,Raw Material,PCS,60,0,0,0,0,IN STOCK,Slow Moving,Raw Material Store
HM195,welcro paper 80,Raw Material,PCS,75,0,0,0,0,IN STOCK,Slow Moving,Raw Material Store
HM194,bear disc 120,Raw Material,PCS,30,0,0,0,0,IN STOCK,Non-Moving,Raw Material Store
HM193,bear disc 80,Raw Material,PCS,70,0,0,0,0,IN STOCK,Fast Moving,Raw Material Store
HM192,RED BRICK PIGMENT,Raw Material,PCS,20,0,0,0,0,IN STOCK,Slow Moving,Raw Material Store
HM191,c clamp big,Raw Material,PCS,4,0,0,0,0,IN STOCK,Slow Moving,Raw Material Store
HM190,buffing machine,Raw Material,PCS,2,0,0,0,0,IN STOCK,Fast Moving,Raw Material Store
HM189,WELDING ROD,Raw Material,PCS,180,0,0,0,0,IN STOCK,Non-Moving,Raw Material Store
HM188,welcro paper 600 grit,Raw Material,PCS,50,0,0,0,0,IN STOCK,Slow Moving,Raw Material Store
HM187,bear disc 120,Raw Material,PCS,30,0,0,0,0,IN STOCK,Fast Moving,Raw Material Store
HM186-B,bear disc 80,Raw Material,PCS,70,0,0,0,0,IN STOCK,Slow Moving,Raw Material Store
HM186,sand paper 180,Raw Material,PCS,28,0,0,0,0,IN STOCK,Fast Moving,Raw Material Store
HM185,MEASURING TAPE,Raw Material,NOS,0,0,0,0,0,OUT OF STOCK,Non-Moving,Raw Material Store
HM184,bucket 12no,Raw Material,PCS,0,0,0,0,0,OUT OF STOCK,Non-Moving,Raw Material Store
HM183,BALTI MID,Raw Material,PCS,0,0,0,0,0,OUT OF STOCK,Non-Moving,Raw Material Store
HM182,"steel putty blade 5/6""",Raw Material,PCS,30,0,0,0,0,IN STOCK,Non-Moving,Raw Material Store
HM181,"steel putty blade 8""",Raw Material,PCS,0,0,0,0,0,OUT OF STOCK,Non-Moving,Raw Material Store
HM180,steel putty blade 50*150mm,Raw Material,PCS,0,0,0,0,0,OUT OF STOCK,Non-Moving,Raw Material Store
HM179,p v,Raw Material,PCS,0,0,0,0,0,OUT OF STOCK,Non-Moving,Raw Material Store
HM178,sterar 10mm,Raw Material,PCS,22,0,0,0,0,IN STOCK,Fast Moving,Raw Material Store
HM177,sterar 8mm,Raw Material,PCS,0,0,0,0,0,OUT OF STOCK,Non-Moving,Raw Material Store
HM176,sand paper 600,Raw Material,PCS,0,0,0,0,0,OUT OF STOCK,Non-Moving,Raw Material Store
HM175,emery paper 80,Raw Material,PCS,1630,0,0,0,0,IN STOCK,Slow Moving,Raw Material Store
HM174,D A GREY,Raw Material,PCS,45,0,0,0,0,IN STOCK,Fast Moving,Raw Material Store
HM173,balti small 8 NO,Raw Material,PCS,0,0,0,0,0,OUT OF STOCK,Non-Moving,Raw Material Store
HM172,NYLON BLOCK PATTI SMALL,Raw Material,NOS,0,0,0,0,0,OUT OF STOCK,Non-Moving,Raw Material Store
HM171,dhaga,Raw Material,BOX,0,0,0,0,0,OUT OF STOCK,Non-Moving,Raw Material Store
HM170,rassi/plastic sulti,Raw Material,KGS,0,0,0,0,0,OUT OF STOCK,Non-Moving,Raw Material Store
HM169,grey moja,Raw Material,PAIR,35,0,0,0,0,IN STOCK,Fast Moving,Raw Material Store
HM168,wire tape,Raw Material,PKT,0,0,0,0,0,OUT OF STOCK,Non-Moving,Raw Material Store
HM167,write angle,Raw Material,PCS,2,0,0,0,0,IN STOCK,Fast Moving,Raw Material Store
HM166,allen key,Raw Material,PCS,1,0,0,0,0,IN STOCK,Fast Moving,Raw Material Store
HM165,handle patra,Raw Material,PCS,1,0,0,0,0,IN STOCK,Fast Moving,Raw Material Store
HM164,pvc farsi white,Raw Material,PCS,42,0,0,0,0,IN STOCK,Fast Moving,Raw Material Store
HM163,Fawda,Raw Material,PCS,1,0,0,0,0,IN STOCK,Fast Moving,Raw Material Store
HM162,Ecodrive Belt,Raw Material,PCS,0,0,0,0,0,OUT OF STOCK,Non-Moving,Raw Material Store
HM161,Acid Gloves,Raw Material,SET,0,0,0,0,0,OUT OF STOCK,Non-Moving,Raw Material Store
HM160,Reileas Chemicale,Raw Material,BRL(200LTR),0,0,0,0,0,OUT OF STOCK,Non-Moving,Raw Material Store
HM159,Admixture CHEMICAL,Raw Material,BRL',0,0,0,0,0,OUT OF STOCK,Non-Moving,Raw Material Store
HM158,Grees,Raw Material,KG,0,0,0,0,0,OUT OF STOCK,Non-Moving,Raw Material Store
HM157,Wire BUNDLE,Raw Material,PCS,1,0,0,0,0,IN STOCK,Fast Moving,Raw Material Store
HM156,Belcha,Raw Material,NOS,3,0,0,0,0,IN STOCK,Fast Moving,Raw Material Store
HM155,Cloth Gloves,Raw Material,SET,0,0,0,0,0,OUT OF STOCK,Non-Moving,Raw Material Store
HM154,fingure,Raw Material,PKT,0,0,0,0,0,OUT OF STOCK,Non-Moving,Raw Material Store
HM153,glinder paid wheel,Raw Material,PCS,0,0,0,0,0,OUT OF STOCK,Non-Moving,Raw Material Store
HM152,iron cutter disc,Raw Material,PCS,75,0,0,0,0,IN STOCK,Non-Moving,Raw Material Store
HM151,patra,Raw Material,PCS,0,0,0,0,0,OUT OF STOCK,Non-Moving,Raw Material Store
HM150,hydralic oil,Raw Material,LTR,0,0,0,0,0,OUT OF STOCK,Non-Moving,Raw Material Store
HM149,hamer,Raw Material,PCS,7,0,0,0,0,IN STOCK,Fast Moving,Raw Material Store
HM148,spaner kit,Raw Material,PCS,0,0,0,0,0,OUT OF STOCK,Non-Moving,Raw Material Store
HM147,duble seel rubber 4mm,Raw Material,METER,0,0,0,0,0,OUT OF STOCK,Non-Moving,Raw Material Store
HM146,plug box,Raw Material,PCS,0,0,0,0,0,OUT OF STOCK,Non-Moving,Raw Material Store
HM145,gogels,Raw Material,PCS,2,0,0,0,0,IN STOCK,Slow Moving,Raw Material Store
HM144,mask,Raw Material,PKT,310,0,0,0,0,IN STOCK,Fast Moving,Raw Material Store
HM143,yellow gloves,Raw Material,SET,0,0,0,0,0,OUT OF STOCK,Non-Moving,Raw Material Store
HM142,fevikick,Raw Material,PCS,40,0,0,0,0,IN STOCK,Non-Moving,Raw Material Store
HM141,hand mixture carbon,Raw Material,PCS,20,0,0,0,0,IN STOCK,Fast Moving,Raw Material Store
HM140,hand mixture sterer 8mm,Raw Material,PCS,0,0,0,0,0,OUT OF STOCK,Non-Moving,Raw Material Store
HM139,hand mixture sterer 10mm,Raw Material,PCS,0,0,0,0,0,OUT OF STOCK,Non-Moving,Raw Material Store
HM138,hand mixter,Raw Material,PCS,0,0,0,0,0,OUT OF STOCK,Non-Moving,Raw Material Store
HM137,grinder carbon,Raw Material,PCS,60,0,0,0,0,IN STOCK,Fast Moving,Raw Material Store
HM136,blue colour,Raw Material,CAN,2,0,0,0,0,IN STOCK,Fast Moving,Raw Material Store
HM135,black colour,Raw Material,CAN,12,0,0,0,0,IN STOCK,Fast Moving,Raw Material Store
HM134,grey colour,Raw Material,CAN,24,0,0,0,0,IN STOCK,Non-Moving,Raw Material Store
HM133,desil,Raw Material,PCS,0,0,0,0,0,OUT OF STOCK,Non-Moving,Raw Material Store
HM132,jadu,Raw Material,PCS,0,0,0,0,0,OUT OF STOCK,Non-Moving,Raw Material Store
HM131,knife blade frame,Raw Material,PCS,4,0,0,0,0,IN STOCK,Slow Moving,Raw Material Store
HM130,knife blade,Raw Material,PCS,120,0,0,0,0,IN STOCK,Slow Moving,Raw Material Store
HM129,packing role thread,Raw Material,PCS,0,0,0,0,0,OUT OF STOCK,Non-Moving,Raw Material Store
HM128,raping White tape,Raw Material,PCS,0,0,0,0,0,OUT OF STOCK,Non-Moving,Raw Material Store
HM127,stone bit,Raw Material,PKT,0,0,0,0,0,OUT OF STOCK,Non-Moving,Raw Material Store
HM126,raping role,Raw Material,ROLL,0,0,0,0,0,OUT OF STOCK,Non-Moving,Raw Material Store
HM125,masking tape,Raw Material,PCS,288,0,0,0,0,IN STOCK,Fast Moving,Raw Material Store
HM124,flap disc,Raw Material,PCS,30,0,0,0,0,IN STOCK,Fast Moving,Raw Material Store
HM123,cloth,Raw Material,KG,3,0,0,0,0,IN STOCK,Non-Moving,Raw Material Store
HM122,c clamp,Raw Material,PCS,0,0,0,0,0,OUT OF STOCK,Non-Moving,Raw Material Store
HM121,roundhandel,Raw Material,PCS,0,0,0,0,0,OUT OF STOCK,Non-Moving,Raw Material Store
HM120,c handel,Raw Material,PCS,0,0,0,0,0,OUT OF STOCK,Non-Moving,Raw Material Store
HM119,attandance sheet,Raw Material,PCS,0,0,0,0,0,OUT OF STOCK,Non-Moving,Raw Material Store
HM118,NOTEBOOK,Raw Material,PCS,0,0,0,0,0,OUT OF STOCK,Non-Moving,Raw Material Store
HM117,eraser,Raw Material,PCS,20,0,0,0,0,IN STOCK,Fast Moving,Raw Material Store
HM116,sharpner,Raw Material,PCS,10,0,0,0,0,IN STOCK,Slow Moving,Raw Material Store
HM115,pencile,Raw Material,PCS,4,0,0,0,0,IN STOCK,Non-Moving,Raw Material Store
HM114,board marker,Raw Material,PCS,0,0,0,0,0,OUT OF STOCK,Non-Moving,Raw Material Store
HM113,permenent marker,Raw Material,PCS,15,0,0,0,0,IN STOCK,Fast Moving,Raw Material Store
HM112,pen,Raw Material,PCS,0,0,0,0,0,OUT OF STOCK,Non-Moving,Raw Material Store
HM111,ply wood 18mm,Raw Material,PCS,0,0,0,0,0,OUT OF STOCK,Non-Moving,Raw Material Store
HM110,ply wood 12mm,Raw Material,PCS,0,0,0,0,0,OUT OF STOCK,Non-Moving,Raw Material Store
HM109,ply wood 6mm,Raw Material,PCS,0,0,0,0,0,OUT OF STOCK,Non-Moving,Raw Material Store
HM108,Buffing/Polishing Compound (Paste Form),Raw Material,KG,0,0,0,0,0,OUT OF STOCK,Non-Moving,Raw Material Store
HM101,Emery Paper (Grit 1200),Raw Material,PCS,8,0,0,0,0,IN STOCK,Fast Moving,Raw Material Store
HM100,Emery Paper (Grit 1000),Raw Material,PCS,340,0,0,0,0,IN STOCK,Fast Moving,Raw Material Store
HM099,Emery Paper (Grit 800),Raw Material,PCS,100,0,0,0,0,IN STOCK,Fast Moving,Raw Material Store
HM098,Emery Paper (Grit 600),Raw Material,PCS,140,0,0,0,0,IN STOCK,Slow Moving,Raw Material Store
HM097,Emery Paper (Grit 400),Raw Material,PCS,790,0,0,0,0,IN STOCK,Fast Moving,Raw Material Store
HM096,Emery Paper (Grit 320),Raw Material,PCS,300,0,0,0,0,IN STOCK,Fast Moving,Raw Material Store
HM095,Emery Paper (Grit 220),Raw Material,PCS,50,0,0,0,0,IN STOCK,Slow Moving,Raw Material Store
HM094,Emery Paper (Grit 150),Raw Material,PCS,800,0,0,0,0,IN STOCK,Fast Moving,Raw Material Store
HM093,Emery Paper (Grit 120),Raw Material,PCS,25,0,0,0,0,IN STOCK,Fast Moving,Raw Material Store
HM092,Emery Paper (Grit 60),Raw Material,ROLL,1,0,0,0,0,IN STOCK,Fast Moving,Raw Material Store
HM091,Hole Saw Cutter – 50mm Diameter,Raw Material,PCS,0,0,0,0,0,OUT OF STOCK,Non-Moving,Raw Material Store
HM090,Hole Saw Cutter – 25mm Diameter,Raw Material,PCS,0,0,0,0,0,OUT OF STOCK,Non-Moving,Raw Material Store
HM089,HSS Twist Drill Bit – 12mm,Raw Material,PCS,17,0,0,0,0,IN STOCK,Fast Moving,Raw Material Store
HM088,HSS Twist Drill Bit – 10mm,Raw Material,PCS,8,0,0,0,0,IN STOCK,Fast Moving,Raw Material Store
HM087,HSS Twist Drill Bit – 8mm,Raw Material,PCS,0,0,0,0,0,OUT OF STOCK,Non-Moving,Raw Material Store
HM086,HSS Twist Drill Bit – 6mm *210mm,Raw Material,PCS,23,0,0,0,0,IN STOCK,Fast Moving,Raw Material Store
HM085,HSS Twist Drill Bit – 6mm,Raw Material,PCS,11,0,0,0,0,IN STOCK,Fast Moving,Raw Material Store
HM084,HSS Twist Drill Bit – 4mm,Raw Material,PCS,10,0,0,0,0,IN STOCK,Fast Moving,Raw Material Store
HM083,HSS Twist Drill Bit – 3mm,Raw Material,PCS,10,0,0,0,0,IN STOCK,Slow Moving,Raw Material Store
HM082,Masonry Drill Bit,Raw Material,PCS,0,0,0,0,0,OUT OF STOCK,Non-Moving,Raw Material Store
HM081,Electric Drill Machine (Variable Speed),Raw Material,PCS,4,0,0,0,0,IN STOCK,Slow Moving,Raw Material Store
HM080,Plaster of Paris (CaSO₄·½H₂O),Raw Material,PCS,23,0,0,0,0,IN STOCK,Slow Moving,Raw Material Store
HM079,Surface Primer for FRP Application,Raw Material,PCS,0,0,0,0,0,OUT OF STOCK,Non-Moving,Raw Material Store
HM078,buffing compond,Raw Material,PCS,0,0,0,0,0,OUT OF STOCK,Non-Moving,Raw Material Store
HM077,Orbital/Eccentric Sanding Machine,Raw Material,PCS,2,0,0,0,0,IN STOCK,Fast Moving,Raw Material Store
HM076,Cotton Wool Buffing Pad,Raw Material,PCS,0,0,0,0,0,OUT OF STOCK,Non-Moving,Raw Material Store
HM075,Electric Polishing Machine (Rotary/Orbital),Raw Material,PCS,1,0,0,0,0,IN STOCK,Fast Moving,Raw Material Store
HM074,spary gun nozzel 4mm,Raw Material,PCS,0,0,0,0,0,OUT OF STOCK,Non-Moving,Raw Material Store
HM073,Air Spray Gun for Gel Coat/Primer Application,Raw Material,PCS,0,0,0,0,0,OUT OF STOCK,Non-Moving,Raw Material Store
HM072,Digital Vernier Caliper (0.01 mm accuracy),Raw Material,PCS,0,0,0,0,0,OUT OF STOCK,Non-Moving,Raw Material Store
HM071,grinder lock nut,Raw Material,PCS,20,0,0,0,0,IN STOCK,Slow Moving,Raw Material Store
HM070,bear disc 60,Raw Material,PKT,0,0,0,0,0,OUT OF STOCK,Non-Moving,Raw Material Store
HM069,gc wheel,Raw Material,PCS,65,0,0,0,0,IN STOCK,Fast Moving,Raw Material Store
HM068,dimanod cutter,Raw Material,PCS,60,0,0,0,0,IN STOCK,Fast Moving,Raw Material Store
HM067,"Angle Grinder (4""/5"")",Raw Material,PCS,8,0,0,0,0,IN STOCK,Fast Moving,Raw Material Store
HM066,wood cutter blade,Raw Material,PCS,1,0,0,0,0,IN STOCK,Non-Moving,Raw Material Store
HM065,Wood/Composite Router Machine,Raw Material,PCS,0,0,0,0,0,OUT OF STOCK,Non-Moving,Raw Material Store
HM064,jigsaw blade,Raw Material,PCS,80,0,0,0,0,IN STOCK,Slow Moving,Raw Material Store
HM063,Electric Jigsaw Machine,Raw Material,PCS,1,0,0,0,0,IN STOCK,Slow Moving,Raw Material Store
HM062,head screwdriver small,Raw Material,NOS,2,0,0,0,0,IN STOCK,Slow Moving,Raw Material Store
HM061,head screwdriver big,Raw Material,NOS,4,0,0,0,0,IN STOCK,Fast Moving,Raw Material Store
HM060,General Purpose Chisel,Raw Material,PCS,0,0,0,0,0,OUT OF STOCK,Non-Moving,Raw Material Store
HM059,Flat Chisel –50,Raw Material,PCS,45,0,0,0,0,IN STOCK,Slow Moving,Raw Material Store
HM058,Flat Chisel - 32,Raw Material,PCS,30,0,0,0,0,IN STOCK,Fast Moving,Raw Material Store
HM057,Flat Chisel -25,Raw Material,PCS,20,0,0,0,0,IN STOCK,Fast Moving,Raw Material Store
HM056,Flat Chisel –40,Raw Material,PCS,40,0,0,0,0,IN STOCK,Fast Moving,Raw Material Store
HM055,Steel Ruler / Engineer Scale small 2 feet,Raw Material,PCS,2,0,0,0,0,IN STOCK,Fast Moving,Raw Material Store
HM054,Steel Ruler / Engineer Scale small 1.5 feet,Raw Material,PCS,4,0,0,0,0,IN STOCK,Fast Moving,Raw Material Store
HM053,Steel Ruler / Engineer Scale Medium,Raw Material,NOS,2,0,0,0,0,IN STOCK,Slow Moving,Raw Material Store
HM052,Steel Measuring Tape (3m,Raw Material,PCS,7,0,0,0,0,IN STOCK,Non-Moving,Raw Material Store
HM051,Steel Measuring Tape (5m,Raw Material,PCS,2,0,0,0,0,IN STOCK,Non-Moving,Raw Material Store
HM050,Hacksaw Blade,Raw Material,NOS,340,0,0,0,0,IN STOCK,Slow Moving,Raw Material Store
HM049,"Steel Putty blade (2"")",Raw Material,PCS,60,0,0,0,0,IN STOCK,Slow Moving,Raw Material Store
HM048,"Steel Putty blade (4"")",Raw Material,PCS,13,0,0,0,0,IN STOCK,Fast Moving,Raw Material Store
HM047,balti big 20,Raw Material,PCS,7,0,0,0,0,IN STOCK,Fast Moving,Raw Material Store
HM046,balti small 5 to 18,Raw Material,PCS,0,0,0,0,0,OUT OF STOCK,Non-Moving,Raw Material Store
HM045,mugga big,Raw Material,PCS,11,0,0,0,0,IN STOCK,Non-Moving,Raw Material Store
HM044,mugga small,Raw Material,PCS,0,0,0,0,0,OUT OF STOCK,Non-Moving,Raw Material Store
HM043,bucket 14no,Raw Material,PCS,0,0,0,0,0,OUT OF STOCK,Non-Moving,Raw Material Store
HM042,bucket 19no,Raw Material,PCS,0,0,0,0,0,OUT OF STOCK,Non-Moving,Raw Material Store
HM041,bucket 10no,Raw Material,PCS,24,0,0,0,0,IN STOCK,Fast Moving,Raw Material Store
HM040,bucket 12no,Raw Material,PCS,0,0,0,0,0,OUT OF STOCK,Non-Moving,Raw Material Store
HM039,bucket 8no,Raw Material,PCS,8,0,0,0,0,IN STOCK,Non-Moving,Raw Material Store
HM038,thapi 12,Raw Material,PCS,3,0,0,0,0,IN STOCK,Fast Moving,Raw Material Store
HM037,thapi 10,Raw Material,PCS,14,0,0,0,0,IN STOCK,Fast Moving,Raw Material Store
HM036,thapi 8,Raw Material,PCS,54,0,0,0,0,IN STOCK,Fast Moving,Raw Material Store
HM035,thapi 6,Raw Material,PCS,56,0,0,0,0,IN STOCK,Fast Moving,Raw Material Store
HM034,thapi SMALL,Raw Material,PCS,45,0,0,0,0,IN STOCK,Slow Moving,Raw Material Store
HM033,Paint Brush 100mm,Raw Material,PCS,73,0,0,0,0,IN STOCK,Fast Moving,Raw Material Store
HM032,Brush 25mm,Raw Material,PCS,54,0,0,0,0,IN STOCK,Fast Moving,Raw Material Store
HM031,Paint Brush 75mm,Raw Material,PCS,310,0,0,0,0,IN STOCK,Fast Moving,Raw Material Store
HM030,Paint Brush 50mm,Raw Material,PCS,315,0,0,0,0,IN STOCK,Slow Moving,Raw Material Store
HM029,Thinner (General Purpose Paint/Resin Thinner),Raw Material,LTR,450,0,0,0,0,IN STOCK,Fast Moving,Raw Material Store
HM028,Acetone (Solvent),Raw Material,PCS,0,0,0,0,0,OUT OF STOCK,Non-Moving,Raw Material Store
HM027,Gel Coat Grade Filler Powder,Raw Material,KG,75,0,0,0,0,IN STOCK,Fast Moving,Raw Material Store
HM026,"General Mineral Filler (e.g., Dolomite Powder)",Raw Material,KG,0,0,0,0,0,OUT OF STOCK,Non-Moving,Raw Material Store
HM025,Quartz Powder – black and white,Raw Material,PCS,0,0,0,0,0,OUT OF STOCK,Non-Moving,Raw Material Store
HM024,Quartz Powder – big,Raw Material,KGS,0,0,0,0,0,OUT OF STOCK,Non-Moving,Raw Material Store
HM023,Quartz Powder – medium,Raw Material,KGS,0,0,0,0,0,OUT OF STOCK,Non-Moving,Raw Material Store
HM022,Quartz Powder – small,Raw Material,KGS,0,0,0,0,0,OUT OF STOCK,Non-Moving,Raw Material Store
HM021,Dimethylaniline (DMA) Promoter,Raw Material,PCS,0,0,0,0,0,OUT OF STOCK,Non-Moving,Raw Material Store
HM020,Cobalt Octoate Solution (Accelerator),Raw Material,KGS,60,0,0,0,0,IN STOCK,Fast Moving,Raw Material Store
HM019,Methyl Ethyl Ketone Peroxide (Catalyst),Raw Material,KG,30,0,0,0,0,IN STOCK,Fast Moving,Raw Material Store
HM018,Unidirectional Fiberglass Mat – 1230 GSM,Raw Material,ROLL,2,0,0,0,0,IN STOCK,Slow Moving,Raw Material Store
HM017,Woven Roving – 610 GSM,Raw Material,ROLL,65,0,0,0,0,IN STOCK,Fast Moving,Raw Material Store
HM016,Chopped Strand Mat – 450 GSM,Raw Material,ROLL,2,0,0,0,0,IN STOCK,Non-Moving,Raw Material Store
HM015,Chopped Strand Mat – 225 GSM,Raw Material,KGS,99,0,0,0,0,IN STOCK,Fast Moving,Raw Material Store
HM014,Surface Tissue Mat (30 GSM),Raw Material,ROLL,1,0,0,0,0,IN STOCK,Fast Moving,Raw Material Store
HM013,Isophthalic Gel Coat (Pre-accelerated),Raw Material,KG,0,0,0,0,0,OUT OF STOCK,Non-Moving,Raw Material Store
HM012,Vinyl Ester Resin,Raw Material,PCS,0,0,0,0,0,OUT OF STOCK,Non-Moving,Raw Material Store
HM011,Isophthalic Polyester Resin,Raw Material,KGS,0,0,0,0,0,OUT OF STOCK,Non-Moving,Raw Material Store
HM010,General Purpose Unsaturated Polyester Resin (Clear),Raw Material,BAREL,0,0,0,0,0,OUT OF STOCK,Non-Moving,Raw Material Store
HM009,Polyethylene Terephthalate Resin (PET),Raw Material,BAREL,0,0,0,0,0,OUT OF STOCK,Non-Moving,Raw Material Store
HM008,Phthalocyanine Blue Pigment,Raw Material,PCS,0,0,0,0,0,OUT OF STOCK,Non-Moving,Raw Material Store
HM007,Black Pigment,Raw Material,PCS,8,0,0,0,0,IN STOCK,Fast Moving,Raw Material Store
HM006,LIGHT GREY PIGMENT,Raw Material,KG,0,0,0,0,0,OUT OF STOCK,Non-Moving,Raw Material Store
HM005,White Pigment (TiO₂),Raw Material,KG,9,0,0,0,0,IN STOCK,Fast Moving,Raw Material Store
HM004,NC-50 Solvent-Based Mold Release Agent,Raw Material,PCS,0,0,0,0,0,OUT OF STOCK,Non-Moving,Raw Material Store
HM003,Polyvinyl Alcohol (PVA) Release Agent,Raw Material,LTR,20,0,0,0,0,IN STOCK,Fast Moving,Raw Material Store
HM002,Benjo Mold Release Wax Polish,Raw Material,KG,2,0,0,0,0,IN STOCK,Slow Moving,Raw Material Store
HM001,White Mold Release Wax Polish,Raw Material,KG,85,0,0,0,0,IN STOCK,Fast Moving,Raw Material Store
