Report No,Date,Shift,Supervisor,Status,Created By,Sr,Product Name,Product SKU,Size,Type,Capacity,Cover Qty,Cover Wt (kg),Frame Qty,Frame Wt (kg),Total Wt (kg),Set,Extra Cover,Extra Frame,Remarks
"PR-2026-000154","2026-10-07","Night","","SUBMITTED","Moksha N",1,"HIMALAYA FRP MHC 900X900 D400 GRAY","HIMALAYAFRPMHC900X900D400GRAY","900X900","MHC","D400",2,132.00,0,0.00,132.00,0,2,0,""
"PR-2026-000154","2026-10-07","Night","","SUBMITTED","Moksha N",2,"HIMALAYA FRP MHC 600X600 D400 GRAY","HIMALAYAFRPMHC600X600D400GRAY","600X600","MHC","D400",0,0.00,2,60.00,60.00,0,0,2,""
"PR-2026-000154","2026-10-07","Night","","SUBMITTED","Moksha N",3,"HIMALAYA FRP MHC 600X600 LD BLACK","HIMALAYAFRPMHC600X600LDBLACK","600X600","MHC","LD",8,208.00,12,180.00,388.00,8,0,4,""
"PR-2026-000154","2026-10-07","Night","","SUBMITTED","Moksha N",4,"HIMALAYA FRP MHC 450X450 C250 GRAY","HIMALAYAFRPMHC450X450C250GRAY","450X450","MHC","C250",2,62.00,0,0.00,62.00,0,2,0,""
"PR-2026-000154","2026-10-07","Night","","SUBMITTED","Moksha N",5,"HIMALAYA FRP MHC 300X300 C250 GRAY","HIMALAYAFRPMHC300X300C250GRAY","300X300","MHC","C250",2,38.20,3,66.00,104.20,2,0,1,""
"PR-2026-000154","2026-10-07","Night","","SUBMITTED","Moksha N",6,"HIMALAYA FRP ONGC 450X1000 LD GRAY","HIMALAYAFRPONGC450X1000LDGRAY","450X1000","ONGC","LD",2,84.00,0,0.00,84.00,0,2,0,""
"PR-2026-000154","2026-10-07","Night","","SUBMITTED","Moksha N",7,"HIMALAYA FRP WGC 450X450 LD GRAY","HIMALAYAFRPWGC450X450LDGRAY","450X450","WGC","LD",3,67.80,3,43.80,111.60,3,0,0,""
"PR-2026-000154","2026-10-07","Night","","SUBMITTED","Moksha N",8,"HIMALAYA FRP RCS 600X600 B125","HIMALAYAFRPRCS600X600B125","600X600","FRP","B125",4,164.00,4,143.20,307.20,4,0,0,""
"PR-2026-000154","2026-10-07","Night","","SUBMITTED","Moksha N",9,"HIMALAYA FRP MHC 1000X1000 D400 GRAY","HIMALAYAFRPMHC1000X1000D400GRAY","1000X1000","MHC","D400",0,0.00,4,256.40,256.40,0,0,4,""
"PR-2026-000154","2026-10-07","Night","","SUBMITTED","Moksha N",10,"HIMALAYA FRP WGC 600X900 C250 GRAY","HIMALAYAFRPWGC600X900C250GRAY","600X900","WGC","C250",4,326.00,0,0.00,326.00,0,4,0,""
"PR-2026-000153","2026-10-07","Morning","Bishnu","SUBMITTED","Moksha N",1,"HIMALAYA FRP MHC 300X300 C250 GRAY","HIMALAYAFRPMHC300X300C250GRAY","300X300","MHC","C250",2,38.20,3,66.00,104.20,2,0,1,""
"PR-2026-000153","2026-10-07","Morning","Bishnu","SUBMITTED","Moksha N",2,"HIMALAYA FRP MHC 450X450 C250 GRAY","HIMALAYAFRPMHC450X450C250GRAY","450X450","MHC","C250",2,62.00,2,50.00,112.00,2,0,0,""
"PR-2026-000153","2026-10-07","Morning","Bishnu","SUBMITTED","Moksha N",3,"HIMALAYA FRP WGC 450X450 B125 GRAY","HIMALAYAFRPWGC450X450B125GRAY","450X450","WGC","B125",3,67.80,3,43.80,111.60,3,0,0,""
"PR-2026-000153","2026-10-07","Morning","Bishnu","SUBMITTED","Moksha N",4,"HIMALAYA FRP MHC 600X600 LD BLACK","HIMALAYAFRPMHC600X600LDBLACK","600X600","MHC","LD",10,260.00,13,195.00,455.00,10,0,3,""
"PR-2026-000153","2026-10-07","Morning","Bishnu","SUBMITTED","Moksha N",5,"HIMALAYA FRP MHC 600X600 F900 GRAY","HIMALAYAFRPMHC600X600F900GRAY","600X600","MHC","F900",5,615.00,5,340.00,955.00,5,0,0,""
"PR-2026-000153","2026-10-07","Morning","Bishnu","SUBMITTED","Moksha N",6,"HIMALAYA FRP MHC 600X600 D400 GRAY","HIMALAYAFRPMHC600X600D400GRAY","600X600","MHC","D400",0,0.00,3,90.00,90.00,0,0,3,""
"PR-2026-000153","2026-10-07","Morning","Bishnu","SUBMITTED","Moksha N",7,"HIMALAYA FRP WGC 600X600 LD GRAY","HIMALAYAFRPWGC600X600LDGRAY","600X600","WGC","LD",1,43.00,2,52.00,95.00,1,0,1,""
"PR-2026-000153","2026-10-07","Morning","Bishnu","SUBMITTED","Moksha N",8,"HIMALAYA FRP RCS 600X600 B125","HIMALAYAFRPRCS600X600B125","600X600","FRP","B125",4,164.00,3,107.40,271.40,3,1,0,""
"PR-2026-000153","2026-10-07","Morning","Bishnu","SUBMITTED","Moksha N",9,"HIMALAYA FRP WGC 600X900 C250 GRAY","HIMALAYAFRPWGC600X900C250GRAY","600X900","WGC","C250",4,326.00,0,0.00,326.00,0,4,0,""
"PR-2026-000153","2026-10-07","Morning","Bishnu","SUBMITTED","Moksha N",10,"HIMALAYA FRP ONGC 450X1000 LD GRAY","HIMALAYAFRPONGC450X1000LDGRAY","450X1000","ONGC","LD",3,84.00,0,0.00,84.00,0,3,0,""
"PR-2026-000153","2026-10-07","Morning","Bishnu","SUBMITTED","Moksha N",11,"HIMALAYA FRP MHC 1500X1500 D400 GRAY","HIMALAYAFRPMHC1500X1500D400GRAY","1500X1500","MHC","D400",0,0.00,1,77.00,77.00,0,0,1,""
"PR-2026-000151","2026-10-06","Morning","Bishnu","SUBMITTED","Moksha N",1,"HIMALAYA FRP MHC 300X300 B125 GRAY","HIMALAYAFRPMHC300X300B125GRAY","300X300","MHC","B125",8,68.00,6,38.40,106.40,6,2,0,""
"PR-2026-000151","2026-10-06","Morning","Bishnu","SUBMITTED","Moksha N",2,"HIMALAYA FRP MHC 300X300 C250 GRAY","HIMALAYAFRPMHC300X300C250GRAY","300X300","MHC","C250",4,76.40,4,88.00,164.40,4,0,0,""
"PR-2026-000151","2026-10-06","Morning","Bishnu","SUBMITTED","Moksha N",3,"HIMALAYA FRP MHC 450X450 ELD GRAY","HIMALAYAFRPMHC450X450ELDGRAY","450X450","MHC","ELD",4,60.00,4,58.40,118.40,4,0,0,""
"PR-2026-000151","2026-10-06","Morning","Bishnu","SUBMITTED","Moksha N",4,"HIMALAYA FRP MHC 450X450 C250 GRAY","HIMALAYAFRPMHC450X450C250GRAY","450X450","MHC","C250",3,93.00,0,0.00,93.00,0,3,0,""
"PR-2026-000151","2026-10-06","Morning","Bishnu","SUBMITTED","Moksha N",5,"HIMALAYA FRP WGC 600X600 LD GRAY","HIMALAYAFRPWGC600X600LDGRAY","600X600","WGC","LD",0,0.00,4,104.00,104.00,0,0,4,""
"PR-2026-000151","2026-10-06","Morning","Bishnu","SUBMITTED","Moksha N",6,"HIMALAYA FRP MHC 600X600 F900 GRAY","HIMALAYAFRPMHC600X600F900GRAY","600X600","MHC","F900",4,492.00,2,136.00,628.00,2,2,0,""
"PR-2026-000151","2026-10-06","Morning","Bishnu","SUBMITTED","Moksha N",7,"HIMALAYA FRP MHC 600X600 C250 GRAY","HIMALAYAFRPMHC600X600C250GRAY","600X600","MHC","C250",2,113.00,6,180.00,293.00,2,0,4,""
"PR-2026-000151","2026-10-06","Morning","Bishnu","SUBMITTED","Moksha N",8,"HIMALAYA FRP WGC 600X600 B125 GRAY","HIMALAYAFRPWGC600X600B125GRAY","600X600","WGC","B125",0,0.00,2,53.00,53.00,0,0,2,""
"PR-2026-000151","2026-10-06","Morning","Bishnu","SUBMITTED","Moksha N",9,"HIMALAYA FRP RCS 600X600 B125","HIMALAYAFRPRCS600X600B125","600X600","FRP","B125",8,328.00,6,214.80,542.80,6,2,0,""
"PR-2026-000151","2026-10-06","Morning","Bishnu","SUBMITTED","Moksha N",10,"HIMALAYA FRP WGC 600X900 C250 GRAY","HIMALAYAFRPWGC600X900C250GRAY","600X900","WGC","C250",5,407.50,0,0.00,407.50,0,5,0,""
"PR-2026-000151","2026-10-06","Morning","Bishnu","SUBMITTED","Moksha N",11,"HIMALAYA FRP MHC 750X750 LD GRAY","HIMALAYAFRPMHC750X750LDGRAY","750X750","MHC","LD",0,0.00,5,123.50,123.50,0,0,5,""
"PR-2026-000152","2026-10-06","Night","","SUBMITTED","Moksha N",1,"HIMALAYA FRP MHC 300X300 B125 GRAY","HIMALAYAFRPMHC300X300B125GRAY","300X300","MHC","B125",9,76.50,9,57.60,134.10,9,0,0,""
"PR-2026-000152","2026-10-06","Night","","SUBMITTED","Moksha N",2,"HIMALAYA FRP MHC 300X300 C250 GRAY","HIMALAYAFRPMHC300X300C250GRAY","300X300","MHC","C250",6,114.60,6,132.00,246.60,6,0,0,""
"PR-2026-000152","2026-10-06","Night","","SUBMITTED","Moksha N",3,"HIMALAYA FRP MHC 450X450 C250 GRAY","HIMALAYAFRPMHC450X450C250GRAY","450X450","MHC","C250",3,93.00,0,0.00,93.00,0,3,0,""
"PR-2026-000152","2026-10-06","Night","","SUBMITTED","Moksha N",4,"HIMALAYA FRP WGC 600X600 B125 GRAY","HIMALAYAFRPWGC600X600B125GRAY","600X600","WGC","B125",0,0.00,4,104.00,104.00,0,0,4,""
"PR-2026-000152","2026-10-06","Night","","SUBMITTED","Moksha N",5,"HIMALAYA FRP WGC 450X450 LD GRAY","HIMALAYAFRPWGC450X450LDGRAY","450X450","WGC","LD",0,0.00,4,58.40,58.40,0,0,4,""
"PR-2026-000152","2026-10-06","Night","","SUBMITTED","Moksha N",6,"HIMALAYA FRP MHC 600X600 LD BLACK","HIMALAYAFRPMHC600X600LDBLACK","600X600","MHC","LD",9,234.00,9,135.00,369.00,9,0,0,""
"PR-2026-000145","2026-10-05","Night","","SUBMITTED","Moksha N",1,"HIMALAYA FRP MHC 300X300 C250 GRAY","HIMALAYAFRPMHC300X300C250GRAY","300X300","MHC","C250",3,66.00,3,54.00,120.00,3,0,0,""
"PR-2026-000145","2026-10-05","Night","","SUBMITTED","Moksha N",2,"HIMALAYA FRP MHC 450X450 C250 GRAY","HIMALAYAFRPMHC450X450C250GRAY","450X450","MHC","C250",3,93.00,0,0.00,93.00,0,3,0,""
"PR-2026-000145","2026-10-05","Night","","SUBMITTED","Moksha N",3,"HIMALAYA FRP MHC 600X600 D400 GRAY","HIMALAYAFRPMHC600X600D400GRAY","600X600","MHC","D400",2,122.00,3,90.00,212.00,2,0,1,""
"PR-2026-000145","2026-10-05","Night","","SUBMITTED","Moksha N",4,"HIMALAYA FRP RCS 600X600 B125","HIMALAYAFRPRCS600X600B125","600X600","FRP","B125",4,164.00,4,143.20,307.20,4,0,0,""
"PR-2026-000145","2026-10-05","Night","","SUBMITTED","Moksha N",5,"HIMALAYA FRP MHC 300X300 B125 GRAY","HIMALAYAFRPMHC300X300B125GRAY","300X300","MHC","B125",12,102.00,12,76.80,178.80,12,0,0,""
"PR-2026-000144","2026-10-05","Morning","Bishnu","SUBMITTED","Moksha N",1,"HIMALAYA FRP MHC 300X300 D400 GRAY","HIMALAYAFRPMHC300X300D400GRAY","300X300","MHC","D400",1,19.10,1,22.00,41.10,1,0,0,""
"PR-2026-000144","2026-10-05","Morning","Bishnu","SUBMITTED","Moksha N",2,"HIMALAYA FRP MHC 300X300 C250 GRAY","HIMALAYAFRPMHC300X300C250GRAY","300X300","MHC","C250",2,44.00,0,0.00,44.00,0,2,0,""
"PR-2026-000144","2026-10-05","Morning","Bishnu","SUBMITTED","Moksha N",3,"HIMALAYA FRP MHC 450X450 C250 GRAY","HIMALAYAFRPMHC450X450C250GRAY","450X450","MHC","C250",3,93.00,0,0.00,93.00,0,3,0,""
"PR-2026-000144","2026-10-05","Morning","Bishnu","SUBMITTED","Moksha N",4,"HIMALAYA FRP WGC 450X450 LD GRAY","HIMALAYAFRPWGC450X450LDGRAY","450X450","WGC","LD",1,22.60,2,29.20,51.80,1,0,1,""
"PR-2026-000144","2026-10-05","Morning","Bishnu","SUBMITTED","Moksha N",5,"HIMALAYA FRP MHC 600X600 D400 GRAY","HIMALAYAFRPMHC600X600D400GRAY","600X600","MHC","D400",2,122.00,6,180.00,302.00,2,0,4,""
"PR-2026-000144","2026-10-05","Morning","Bishnu","SUBMITTED","Moksha N",6,"HIMALAYA FRP MHC 600X600 B125 GRAY","HIMALAYAFRPMHC600X600B125GRAY","600X600","MHC","B125",0,0.00,2,46.00,46.00,0,0,2,""
"PR-2026-000144","2026-10-05","Morning","Bishnu","SUBMITTED","Moksha N",7,"HIMALAYA FRP WGC 600X600 B125 GRAY","HIMALAYAFRPWGC600X600B125GRAY","600X600","WGC","B125",6,258.00,3,78.00,336.00,3,3,0,""
"PR-2026-000144","2026-10-05","Morning","Bishnu","SUBMITTED","Moksha N",8,"HIMALAYA FRP RCS 600X600 B125","HIMALAYAFRPRCS600X600B125","600X600","FRP","B125",4,164.00,4,143.20,307.20,4,0,0,""
"PR-2026-000144","2026-10-05","Morning","Bishnu","SUBMITTED","Moksha N",9,"HIMALAYA FRP MHC 900X900 LD GREEN","HIMALAYAFRPMHC900X900LDGREEN","900X900","MHC","LD",2,144.00,0,0.00,144.00,0,2,0,""
"PR-2026-000144","2026-10-05","Morning","Bishnu","SUBMITTED","Moksha N",10,"HIMALAYA FRP ONGC 570X1000 LD","HIMALAYA FRP ONGC 570x1000 LD","570X1000","ONGC","LD",4,184.40,0,0.00,184.40,0,4,0,""
"PR-2026-000144","2026-10-05","Morning","Bishnu","SUBMITTED","Moksha N",11,"HIMALAYA FRP MHC 750X750 ELD GRAY","HIMALAYAFRPMHC750X750ELDGRAY","750X750","MHC","ELD",0,0.00,1,22.50,22.50,0,0,1,""
"PR-2026-000144","2026-10-05","Morning","Bishnu","SUBMITTED","Moksha N",12,"HIMALAYA FRP MHC 600X700 C250 GRAY","HCP-352","600X700","MHC","C250",1,69.80,1,42.20,112.00,1,0,0,""
"PR-2026-000143","2026-10-04","Morning","Bishnu","SUBMITTED","Moksha N",1,"HIMALAYA FRP MHC 300X300 LD GRAY","HIMALAYAFRPMHC300X300LDGRAY","300X300","MHC","LD",4,32.00,2,12.80,44.80,2,2,0,""
"PR-2026-000143","2026-10-04","Morning","Bishnu","SUBMITTED","Moksha N",2,"HIMALAYA FRP MHC 300X300 D400 GRAY","HIMALAYAFRPMHC300X300D400GRAY","300X300","MHC","D400",4,76.40,4,88.00,164.40,4,0,0,""
"PR-2026-000143","2026-10-04","Morning","Bishnu","SUBMITTED","Moksha N",3,"HIMALAYA FRP MHC 450X450 D400 GRAY","HIMALAYAFRPMHC450X450D400GRAY","450X450","MHC","D400",5,165.00,0,0.00,165.00,0,5,0,""
"PR-2026-000143","2026-10-04","Morning","Bishnu","SUBMITTED","Moksha N",4,"HIMALAYA FRP WGC 450X450 LD GRAY","HIMALAYAFRPWGC450X450LDGRAY","450X450","WGC","LD",4,90.40,4,58.40,148.80,4,0,0,""
"PR-2026-000143","2026-10-04","Morning","Bishnu","SUBMITTED","Moksha N",5,"HIMALAYA FRP WGC 600X600 B125 GRAY","HIMALAYAFRPWGC600X600B125GRAY","600X600","WGC","B125",8,344.00,3,78.00,422.00,3,5,0,""
"PR-2026-000143","2026-10-04","Morning","Bishnu","SUBMITTED","Moksha N",6,"HIMALAYA FRP MHC 600X600 D400 GRAY","HIMALAYAFRPMHC600X600D400GRAY","600X600","MHC","D400",4,244.00,6,180.00,424.00,4,0,2,""
"PR-2026-000143","2026-10-04","Morning","Bishnu","SUBMITTED","Moksha N",7,"HIMALAYA FRP MHC 600X600 B125 GRAY","HIMALAYAFRPMHC600X600B125GRAY","600X600","MHC","B125",0,0.00,6,138.00,138.00,0,0,6,""
"PR-2026-000143","2026-10-04","Morning","Bishnu","SUBMITTED","Moksha N",8,"HIMALAYA FRP WGC 600X900 C250 GRAY","HIMALAYAFRPWGC600X900C250GRAY","600X900","WGC","C250",2,184.00,0,0.00,184.00,0,2,0,""
"PR-2026-000143","2026-10-04","Morning","Bishnu","SUBMITTED","Moksha N",9,"HIMALAYA FRP MHC 900X900 LD GRAY","HIMALAYAFRPMHC900X900LDGRAY","900X900","MHC","LD",7,504.00,8,196.00,700.00,7,0,1,""
"PR-2026-000143","2026-10-04","Morning","Bishnu","SUBMITTED","Moksha N",10,"HIMALAYA FRP ONGC 570X1000 LD","HIMALAYA FRP ONGC 570x1000 LD","570X1000","ONGC","LD",7,322.70,0,0.00,322.70,0,7,0,""
"PR-2026-000142","2026-10-03","Night","","SUBMITTED","Moksha N",1,"HIMALAYA FRP MHC 300X300 C250 GRAY","HIMALAYAFRPMHC300X300C250GRAY","300X300","MHC","C250",8,152.80,8,176.00,328.80,8,0,0,""
"PR-2026-000142","2026-10-03","Night","","SUBMITTED","Moksha N",2,"HIMALAYA FRP MHC 300X300 D400 GRAY","HIMALAYAFRPMHC300X300D400GRAY","300X300","MHC","D400",3,57.30,3,66.00,123.30,3,0,0,""
"PR-2026-000142","2026-10-03","Night","","SUBMITTED","Moksha N",3,"HIMALAYA FRP MHC 450X450 D400 GRAY","HIMALAYAFRPMHC450X450D400GRAY","450X450","MHC","D400",3,99.00,0,0.00,99.00,0,3,0,""
"PR-2026-000142","2026-10-03","Night","","SUBMITTED","Moksha N",4,"HIMALAYA FRP MHC 600X600 D400 GRAY","HIMALAYAFRPMHC600X600D400GRAY","600X600","MHC","D400",3,183.00,2,60.00,243.00,2,1,0,""
"PR-2026-000142","2026-10-03","Night","","SUBMITTED","Moksha N",5,"HIMALAYA FRP MHC 600X600 B125 GRAY","HIMALAYAFRPMHC600X600B125GRAY","600X600","MHC","B125",0,0.00,3,69.00,69.00,0,0,3,""
"PR-2026-000142","2026-10-03","Night","","SUBMITTED","Moksha N",6,"HIMALAYA FRP WGC 600X900 C250 GRAY","HIMALAYAFRPWGC600X900C250GRAY","600X900","WGC","C250",2,163.00,0,0.00,163.00,0,2,0,""
"PR-2026-000142","2026-10-03","Night","","SUBMITTED","Moksha N",7,"HIMALAYA FRP MHC 900X900 LD GRAY","HIMALAYAFRPMHC900X900LDGRAY","900X900","MHC","LD",8,576.00,8,196.00,772.00,8,0,0,""
"PR-2026-000142","2026-10-03","Night","","SUBMITTED","Moksha N",8,"HIMALAYA FRP WGC 600X600 B125 GRAY","HIMALAYAFRPWGC600X600B125GRAY","600X600","WGC","B125",8,344.00,6,156.00,500.00,6,2,0,""
"PR-2026-000142","2026-10-03","Night","","SUBMITTED","Moksha N",9,"HIMALAYA FRP WGC 450X450 B125 GRAY","HIMALAYAFRPWGC450X450B125GRAY","450X450","WGC","B125",4,90.40,4,58.40,148.80,4,0,0,""
"PR-2026-000142","2026-10-03","Night","","SUBMITTED","Moksha N",10,"HIMALAYA FRP ONGC 570X1000 LD","HIMALAYA FRP ONGC 570x1000 LD","570X1000","ONGC","LD",8,368.80,0,0.00,368.80,0,8,0,""
"PR-2026-000141","2026-10-03","Morning","Bishnu","SUBMITTED","Moksha N",1,"HIMALAYA FRP MHC 300X300 D400 GRAY","HIMALAYAFRPMHC300X300D400GRAY","300X300","MHC","D400",5,95.50,3,66.00,161.50,3,2,0,""
"PR-2026-000141","2026-10-03","Morning","Bishnu","SUBMITTED","Moksha N",2,"HIMALAYA FRP MHC 300X300 LD GRAY","HIMALAYAFRPMHC300X300LDGRAY","300X300","MHC","LD",5,40.00,0,0.00,40.00,0,5,0,""
"PR-2026-000141","2026-10-03","Morning","Bishnu","SUBMITTED","Moksha N",3,"HIMALAYA FRP MHC 300X300 B125 GRAY","HIMALAYAFRPMHC300X300B125GRAY","300X300","MHC","B125",4,34.00,4,25.60,59.60,4,0,0,""
"PR-2026-000141","2026-10-03","Morning","Bishnu","SUBMITTED","Moksha N",4,"HIMALAYA FRP RCS 300X300 LD","HIMALAYAFRPRCS300X300LD","300X300","FRP","LD",1,19.00,1,22.00,41.00,1,0,0,""
"PR-2026-000141","2026-10-03","Morning","Bishnu","SUBMITTED","Moksha N",5,"HIMALAYA FRP WGC 450X450 LD GRAY","HIMALAYAFRPWGC450X450LDGRAY","450X450","WGC","LD",5,113.00,4,58.40,171.40,4,1,0,""
"PR-2026-000141","2026-10-03","Morning","Bishnu","SUBMITTED","Moksha N",6,"HIMALAYA FRP MHC 450X450 D400 GRAY","HIMALAYAFRPMHC450X450D400GRAY","450X450","MHC","D400",3,99.00,0,0.00,99.00,0,3,0,""
"PR-2026-000141","2026-10-03","Morning","Bishnu","SUBMITTED","Moksha N",7,"HIMALAYA FRP WGC 600X600 B125 GRAY","HIMALAYAFRPWGC600X600B125GRAY","600X600","WGC","B125",0,0.00,9,234.00,234.00,0,0,9,""
"PR-2026-000141","2026-10-03","Morning","Bishnu","SUBMITTED","Moksha N",8,"HIMALAYA FRP MHC 600X600 LD GRAY","HIMALAYAFRPMHC600X600LDGRAY","600X600","MHC","LD",1,26.00,2,30.00,56.00,1,0,1,""
"PR-2026-000141","2026-10-03","Morning","Bishnu","SUBMITTED","Moksha N",9,"HIMALAYA FRP MHC 600X600 C250 GRAY","HIMALAYAFRPMHC600X600C250GRAY","600X600","MHC","C250",1,56.50,1,30.00,86.50,1,0,0,""
"PR-2026-000141","2026-10-03","Morning","Bishnu","SUBMITTED","Moksha N",10,"HIMALAYA FRP MHC 600X600 D400 GRAY","HIMALAYAFRPMHC600X600D400GRAY","600X600","MHC","D400",4,244.00,0,0.00,244.00,0,4,0,""
"PR-2026-000141","2026-10-03","Morning","Bishnu","SUBMITTED","Moksha N",11,"HIMALAYA FRP MHC 600X600 F900 GRAY","HIMALAYAFRPMHC600X600F900GRAY","600X600","MHC","F900",6,738.00,3,204.00,942.00,3,3,0,""
"PR-2026-000141","2026-10-03","Morning","Bishnu","SUBMITTED","Moksha N",12,"HIMALAYA FRP RCS 600X600 D400","HIMALAYAFRPRCS600X600D400","600X600","FRP","D400",1,55.00,0,0.00,55.00,0,1,0,""
"PR-2026-000141","2026-10-03","Morning","Bishnu","SUBMITTED","Moksha N",13,"HIMALAYA FRP WGC 600X900 C250 GRAY","HIMALAYAFRPWGC600X900C250GRAY","600X900","WGC","C250",4,324.00,0,0.00,324.00,0,4,0,""
"PR-2026-000141","2026-10-03","Morning","Bishnu","SUBMITTED","Moksha N",14,"HIMALAYA FRP ONGC 410x1000 LD","HIMALAYA FRP ONGC 410x1000 LD","410X1000","ONGC","LD",2,64.00,0,0.00,64.00,0,2,0,""
"PR-2026-000141","2026-10-03","Morning","Bishnu","SUBMITTED","Moksha N",15,"HIMALAYA FRP ONGC 570X1000 LD","HIMALAYA FRP ONGC 570x1000 LD","570X1000","ONGC","LD",11,507.10,0,0.00,507.10,0,11,0,""
"PR-2026-000141","2026-10-03","Morning","Bishnu","SUBMITTED","Moksha N",16,"HIMALAYA FRP MHC 750X750 D400 GRAY","HIMALAYAFRPMHC750X750D400GRAY","750X750","MHC","D400",1,94.00,6,0.00,94.00,1,0,5,""
"PR-2026-000141","2026-10-03","Morning","Bishnu","SUBMITTED","Moksha N",17,"HIMALAYA FRP MHC 900X900 LD GRAY","HIMALAYAFRPMHC900X900LDGRAY","900X900","MHC","LD",5,360.00,6,147.00,507.00,5,0,1,""
"PR-2026-000141","2026-10-03","Morning","Bishnu","SUBMITTED","Moksha N",18,"HIMALAYA FRP MHC 750X750 B125 GRAY","HIMALAYAFRPMHC750X750B125GRAY","750X750","MHC","B125",2,133.00,2,49.40,182.40,2,0,0,""
"PR-2026-000140","2026-10-02","Morning","Bishnu","SUBMITTED","Moksha N",1,"HIMALAYA FRP MHC 300X300 D400 GRAY","HIMALAYAFRPMHC300X300D400GRAY","300X300","MHC","D400",2,44.00,6,108.00,152.00,2,0,4,""
"PR-2026-000140","2026-10-02","Morning","Bishnu","SUBMITTED","Moksha N",2,"HIMALAYA FRP MHC 750X750 B125 GRAY","HIMALAYAFRPMHC750X750B125GRAY","750X750","MHC","B125",6,270.00,7,126.00,396.00,6,0,1,""
"PR-2026-000140","2026-10-02","Morning","Bishnu","SUBMITTED","Moksha N",3,"HIMALAYA FRP ONGC 410x1000 LD","HIMALAYA FRP ONGC 410x1000 LD","410X1000","ONGC","LD",9,252.00,0,0.00,252.00,0,9,0,""
"PR-2026-000140","2026-10-02","Morning","Bishnu","SUBMITTED","Moksha N",4,"HIMALAYA FRP MHC 750X750 D400 GRAY","HIMALAYAFRPMHC750X750D400GRAY","750X750","MHC","D400",3,276.00,5,155.00,431.00,3,0,2,""
"PR-2026-000140","2026-10-02","Morning","Bishnu","SUBMITTED","Moksha N",5,"HIMALAYA FRP MHC 900X900 D400 GREEN","HIMALAYAFRPMHC900X900D400GREEN","900X900","MHC","D400",0,0.00,2,78.00,78.00,0,0,2,""
"PR-2026-000140","2026-10-02","Morning","Bishnu","SUBMITTED","Moksha N",6,"HIMALAYA FRP WGC 600X600 D400 GRAY","HIMALAYAFRPWGC600X600D400GRAY","600X600","WGC","D400",0,0.00,3,93.00,93.00,0,0,3,""
"PR-2026-000140","2026-10-02","Morning","Bishnu","SUBMITTED","Moksha N",7,"HIMALAYA FRP ONGC 570X1000 LD","HIMALAYA FRP ONGC 570x1000 LD","570X1000","ONGC","LD",9,414.00,0,0.00,414.00,0,9,0,""
"PR-2026-000140","2026-10-02","Morning","Bishnu","SUBMITTED","Moksha N",8,"HIMALAYA FRP WGC 600X900 C250 GRAY","HIMALAYAFRPWGC600X900C250GRAY","600X900","WGC","C250",4,304.00,0,0.00,304.00,0,4,0,""
"PR-2026-000140","2026-10-02","Morning","Bishnu","SUBMITTED","Moksha N",9,"HIMALAYA FRP MHC 600X600 F900 GRAY","HIMALAYAFRPMHC600X600F900GRAY","600X600","MHC","F900",5,615.00,4,272.00,887.00,4,1,0,""
"PR-2026-000140","2026-10-02","Morning","Bishnu","SUBMITTED","Moksha N",10,"HIMALAYA FRP WGC 450X450 LD GRAY","HIMALAYAFRPWGC450X450LDGRAY","450X450","WGC","LD",0,0.00,1,14.60,14.60,0,0,1,""
"PR-2026-000140","2026-10-02","Morning","Bishnu","SUBMITTED","Moksha N",11,"HIMALAYA FRP MHC 450X450 D400 GRAY","HIMALAYAFRPMHC450X450D400GRAY","450X450","MHC","D400",2,64.00,0,0.00,64.00,0,2,0,""
"PR-2026-000140","2026-10-02","Morning","Bishnu","SUBMITTED","Moksha N",12,"HIMALAYA FRP WGC 600X600 B125 GRAY","HIMALAYAFRPWGC600X600B125GRAY","600X600","WGC","B125",0,0.00,1,22.00,22.00,0,0,1,""
"PR-2026-000107","2026-10-01","Morning","Bishnu","SUBMITTED","Moksha N",1,"HIMALAYA FRP MHC 750X750 D400 GRAY","HIMALAYAFRPMHC750X750D400GRAY","750X750","MHC","D400",0,0.00,2,62.00,62.00,0,0,2,""
"PR-2026-000107","2026-10-01","Morning","Bishnu","SUBMITTED","Moksha N",2,"HIMALAYA FRP MHC 750X750 B125 GRAY","HIMALAYAFRPMHC750X750B125GRAY","750X750","MHC","B125",3,199.50,2,49.40,248.90,2,1,0,""
"PR-2026-000107","2026-10-01","Morning","Bishnu","SUBMITTED","Moksha N",3,"HIMALAYA FRP ONGC 300X700 B125 GRAY","HIMALAYAFRPONGC300X700B125GRAY","300X700","ONGC","B125",6,117.00,0,0.00,117.00,0,6,0,""
"PR-2026-000107","2026-10-01","Morning","Bishnu","SUBMITTED","Moksha N",4,"HIMALAYA FRP MHC 900X900 LD GRAY","HIMALAYAFRPMHC900X900LDGRAY","900X900","MHC","LD",0,0.00,2,49.00,49.00,0,0,2,""
"PR-2026-000107","2026-10-01","Morning","Bishnu","SUBMITTED","Moksha N",5,"HIMALAYA FRP ONGC 410x1000 LD","HIMALAYA FRP ONGC 410x1000 LD","410X1000","ONGC","LD",2,64.00,0,0.00,64.00,0,2,0,""
"PR-2026-000107","2026-10-01","Morning","Bishnu","SUBMITTED","Moksha N",6,"HIMALAYA FRP ONGC 570X1000 LD","HIMALAYA FRP ONGC 570x1000 LD","570X1000","ONGC","LD",2,92.20,0,0.00,92.20,0,2,0,""
"PR-2026-000107","2026-10-01","Morning","Bishnu","SUBMITTED","Moksha N",7,"HIMALAYA FRP WGC 600X900 C250 GRAY","HIMALAYAFRPWGC600X900C250GRAY","600X900","WGC","C250",1,81.50,0,0.00,81.50,0,1,0,""
"PR-2026-000107","2026-10-01","Morning","Bishnu","SUBMITTED","Moksha N",8,"HIMALAYA FRP MHC 300X300 D400 GRAY","HIMALAYAFRPMHC300X300D400GRAY","300X300","MHC","D400",1,19.10,0,0.00,19.10,0,1,0,""
"PR-2026-000107","2026-10-01","Morning","Bishnu","SUBMITTED","Moksha N",9,"HIMALAYA FRP MHC 900X900 D400 GRAY","HIMALAYAFRPMHC900X900D400GRAY","900X900","MHC","D400",0,0.00,1,39.00,39.00,0,0,1,""
"PR-2026-000107","2026-10-01","Morning","Bishnu","SUBMITTED","Moksha N",10,"HIMALAYA FRP WGC 600X600 D400 GRAY","HIMALAYAFRPWGC600X600D400GRAY","600X600","WGC","D400",0,0.00,1,31.00,31.00,0,0,1,""
"GRAND TOTAL","","","","","","","","","","","",384,16377.10,321,7678.80,24055.90,221,"","",""