Report No,Date,Shift,Supervisor,Rows,Covers Produced,Frames Produced,Sets,Total Weight (kg),Total Weight (MT),Created By,Status,Remarks
"PR-2026-000154","2026-10-07","Night","",10,27,28,17,1831.40,1.831,"Moksha N","SUBMITTED",""
"PR-2026-000153","2026-10-07","Morning","Bishnu",11,34,35,26,2681.20,2.681,"Moksha N","SUBMITTED",""
"PR-2026-000151","2026-10-06","Morning","Bishnu",11,38,39,24,2634.00,2.634,"Moksha N","SUBMITTED",""
"PR-2026-000152","2026-10-06","Night","",6,27,32,24,1005.10,1.005,"Moksha N","SUBMITTED",""
"PR-2026-000145","2026-10-05","Night","",5,24,22,21,911.00,0.911,"Moksha N","SUBMITTED",""
"PR-2026-000144","2026-10-05","Morning","Bishnu",12,26,20,12,1684.00,1.684,"Moksha N","SUBMITTED",""
"PR-2026-000143","2026-10-04","Morning","Bishnu",10,45,33,24,2713.70,2.714,"Moksha N","SUBMITTED",""
"PR-2026-000142","2026-10-03","Night","",10,47,34,31,2815.70,2.816,"Moksha N","SUBMITTED",""
"PR-2026-000141","2026-10-03","Morning","Bishnu",18,61,41,25,3868.50,3.869,"Moksha N","SUBMITTED",""
"PR-2026-000140","2026-10-02","Morning","Bishnu",12,40,29,15,3107.60,3.108,"Moksha N","SUBMITTED",""
"PR-2026-000107","2026-10-01","Morning","Bishnu",10,15,8,2,803.70,0.804,"Moksha N","SUBMITTED",""
"GRAND TOTAL","","","",115,384,321,221,24055.90,24.056,"","",""